building_id,status_code,latency_ms
ACAD-A,200,1268.77
LAB-1,200,1264.86
LIB,200,1305.31
HOSTEL-A,200,1619.68
ADMIN,200,1422.02
ACAD-A,200,1199.23
LAB-1,200,1294.97
LIB,200,1257.7
HOSTEL-A,200,1330.2
ADMIN,200,1258.86
ACAD-A,200,1188.98
LAB-1,200,1222.8
LIB,200,1201.57
HOSTEL-A,200,1246.27
ADMIN,200,1350.18
ACAD-A,200,1224.43
LAB-1,200,1221.42
LIB,200,1188.88
HOSTEL-A,200,1222.19
ADMIN,200,1168.18
ACAD-A,200,1241.38
LAB-1,200,1175.12
LIB,200,1161.57
HOSTEL-A,200,1167.52
ADMIN,200,1229.55
ACAD-A,200,1225.27
LAB-1,200,1256.44
LIB,200,1262.57
HOSTEL-A,200,1233.74
ADMIN,200,1207.1
ACAD-A,200,1233.09
LAB-1,200,1204.87
LIB,200,1301.25
HOSTEL-A,200,1285.62
ADMIN,200,1198.57
ACAD-A,200,1215.49
LAB-1,200,1262.68
LIB,200,1264.76
HOSTEL-A,200,1215.65
ADMIN,200,1210.28
ACAD-A,200,1200.85
LAB-1,200,1210.93
LIB,200,1202.89
HOSTEL-A,200,1207.74
ADMIN,200,1194.29
ACAD-A,200,1274.72
LAB-1,200,1269.19
LIB,200,1272.89
HOSTEL-A,200,1260.05
ADMIN,200,1225.52
ACAD-A,200,1251.14
LAB-1,200,1192.41
LIB,200,1179.59
HOSTEL-A,200,1165.2
ADMIN,200,1255.41
ACAD-A,200,1262.26
LAB-1,200,1250.23
LIB,200,1226.5
HOSTEL-A,200,1253.39
ADMIN,200,1263.29
ACAD-A,200,1228.25
LAB-1,200,1196.54
LIB,200,1197.73
HOSTEL-A,200,1156.07
ADMIN,200,1198.11
ACAD-A,200,1243.7
LAB-1,200,1222.82
LIB,200,1223.65
HOSTEL-A,200,1213.84
ADMIN,200,1230.68
ACAD-A,200,1193.92
LAB-1,200,1201.2
LIB,200,1222.23
HOSTEL-A,200,1170.89
ADMIN,200,1206.56
ACAD-A,200,1244.9
LAB-1,200,1232.36
LIB,200,1266.44
HOSTEL-A,200,1183.39
ADMIN,200,1183.35
ACAD-A,200,1317.1
LAB-1,200,1217.2
LIB,200,1226.11
HOSTEL-A,200,1230.86
ADMIN,200,1262.15
ACAD-A,200,1208.29
LAB-1,200,1224.41
LIB,200,1160.61
HOSTEL-A,200,1184.85
ADMIN,200,1206.65
ACAD-A,200,1331.83
LAB-1,200,1203.38
LIB,200,1218.52
HOSTEL-A,200,1193.82
ADMIN,200,1234.45
ACAD-A,200,1260.97
LAB-1,200,1193.77
LIB,200,1181.6
HOSTEL-A,200,1190.89
ADMIN,200,1169.9
